Sample,Treatment,Counter,Total,Aphanizomenon,Aulacoseria?,centric 1,centric 2,centric 3,centric 4,Chlamydomonas spp.,Cocconeis?,Cyclotella?,Dinobryon?,Dolichospermum?,filament 1,Fragillaria spp.,Gomphenema?,Gomphonema?,Merismopedia spp.,Microcystis spp.,Nitzschia spp.,Pediastrum spp.,pennate 1,pennate 11,pennate 12,pennate 13,pennate 2,pennate 3,pennate 4,pennate 4.5,pennate 5,pennate 6,pennate 7,pennate 8,pennate 9,Peridinium?,Pseudoanabaena spp.,Scenedesmus spp.,Selenastrum?,Stephanodiscus?,Synedra?,Synedra?,Tabellaria?,unidentified 1,Unidentified 1.5,Unidentified 10,Unidentified 100,Unidentified 101,Unidentified 102,Unidentified 103,Unidentified 12,Unidentified 13,Unidentified 14,Unidentified 15,Unidentified 16,Unidentified 17,Unidentified 18,Unidentified 19,Unidentified 2,Unidentified 20,Unidentified 21,Unidentified 22,Unidentified 23,Unidentified 24,Unidentified 25,Unidentified 26,Unidentified 27,Unidentified 28,Unidentified 29,Unidentified 3.5,Unidentified 30,Unidentified 31,Unidentified 32,Unidentified 33,Unidentified 35,Unidentified 36,Unidentified 36.5,Unidentified 37,Unidentified 38,Unidentified 39,Unidentified 4,Unidentified 4.5,Unidentified 40,Unidentified 41,Unidentified 42,Unidentified 43,Unidentified 44,Unidentified 45,Unidentified 46,Unidentified 47,Unidentified 48,Unidentified 5,Unidentified 50,Unidentified 51,Unidentified 52,Unidentified 53,Unidentified 54,Unidentified 55,Unidentified 56,Unidentified 57,Unidentified 58,Unidentified 59,Unidentified 6,Unidentified 6.5,Unidentified 60,Unidentified 61,Unidentified 62,Unidentified 63,Unidentified 64,Unidentified 65,Unidentified 66,Unidentified 67,Unidentified 68,Unidentified 69,Unidentified 7,Unidentified 70,Unidentified 71,Unidentified 72,Unidentified 73,Unidentified 74,Unidentified 75,Unidentified 76,Unidentified 77,Unidentified 78,Unidentified 79,Unidentified 8,Unidentified 80,Unidentified 81,Unidentified 82,Unidentified 83,Unidentified 84,Unidentified 86,Unidentified 87,Unidentified 88,Unidentified 89,Unidentified 9,Unidentified 90,Unidentified 91,Unidentified 92,Unidentified 93,Unidentified 94,Unidentified 95,Unidentified 96,Unidentified 97,Unidentified 98,Unidentified 99
Initial,Initial,Jordyn,500,0.006,0.004,0.006,0.004,0,0,0.002,0.012,0.044,0.002,0,0.056,0.054,0.004,0.002,0.004,0.208,0.024,0.062,0.002,0,0,0,0,0,0,0.002,0.002,0,0,0,0,0.004,0.004,0.04,0.01,0,0.006,0.006,0.004,0.138,0.022,0.01,0,0,0,0,0.002,0.044,0,0.002,0.016,0.002,0.002,0.004,0.114,0.004,0,0.008,0.002,0.002,0.002,0,0,0,0,0.004,0,0,0,0,0,0,0,0,0,0,0.022,0.008,0,0,0,0,0,0,0,0,0,0.014,0,0,0,0,0,0,0,0,0,0,0.004,0.002,0,0,0,0,0,0,0,0,0,0,0.004,0,0,0,0,0,0,0,0,0,0,0.006,0,0,0,0,0,0,0,0,0,0.002,0,0,0,0,0,0,0,0,0,0
1,Control,Jordyn,520,0,0,0.007692308,0,0,0,0,0,0.065384615,0,0,0.007692308,0,0,0,0,0.3,0.017307692,0.167307692,0,0,0,0,0,0,0,0,0.001923077,0,0,0,0,0,0.001923077,0,0,0,0,0,0,0.123076923,0.007692308,0,0,0,0,0,0,0.065384615,0,0,0,0.001923077,0,0,0.161538462,0,0,0,0,0,0,0.013461538,0.051923077,0,0,0.009615385,0,0,0,0,0,0,0,0,0,0,0,0,0,0,0,0,0,0,0,0,0,0,0,0,0,0,0,0,0,0,0,0,0,0,0,0,0,0,0,0,0,0,0,0,0,0,0,0,0,0,0,0,0,0,0,0.001923077,0,0,0,0,0,0,0,0,0,0.001923077,0,0,0,0,0,0,0,0,0,0
2,Control,Jordyn,422,0,0,0.007109005,0.007109005,0,0,0,0.002369668,0.052132701,0,0,0.05450237,0.004739336,0,0,0,0.315165877,0.016587678,0,0,0,0,0,0,0,0,0,0.002369668,0.002369668,0,0,0,0.002369668,0.011848341,0,0.007109005,0.004739336,0.004739336,0,0.002369668,0.082938389,0.007109005,0.002369668,0,0,0,0,0,0.028436019,0,0,0,0,0,0,0.177725119,0,0,0,0,0,0,0.004739336,0.078199052,0,0,0.011848341,0,0,0,0.002369668,0.007109005,0,0,0,0,0,0,0,0,0,0,0.009478673,0.014218009,0.011848341,0,0,0,0.026066351,0,0,0,0,0,0,0,0,0,0,0.004739336,0,0,0,0,0,0,0,0,0,0,0,0.035545024,0,0,0,0,0,0,0,0,0,0,0,0,0,0,0,0,0,0,0,0,0,0,0,0,0,0,0,0,0,0,0
3,Control,Jordyn,458,0,0.004366812,0.008733624,0,0,0,0,0.002183406,0.037117904,0,0,0.050218341,0.004366812,0.002183406,0,0.006550218,0.406113537,0.057491199,0,0.002183406,0,0,0,0,0,0,0,0.004366812,0.002183406,0,0,0.002183406,0.002183406,0.010917031,0.017467249,0.002183406,0.002183406,0.002183406,0.002183406,0.002183406,0.085152838,0.008733624,0.008733624,0,0,0,0,0,0.019650655,0,0,0,0,0,0,0.091703057,0,0,0.008733624,0,0,0,0,0.063318777,0,0.002183406,0.004366812,0,0,0,0.002183406,0.002183406,0,0,0,0,0,0,0,0,0,0,0.004366812,0.034934498,0,0.019650655,0.002183406,0.004366812,0,0,0,0,0,0,0,0,0,0,0,0,0,0,0,0,0,0,0,0,0,0,0,0.017467249,0,0,0,0,0,0,0,0,0,0,0.002183406,0,0,0,0,0,0,0,0,0,0,0,0,0,0,0,0,0,0,0,0
4,Control,Jordyn,423,0,0,0,0,0.004728132,0,0.007092199,0,0.042553191,0,0,0.009456265,0.023640662,0,0,0,0.380614657,0.019456265,0,0,0,0,0,0,0,0,0,0,0,0.002364066,0,0,0,0.047281324,0.01891253,0.007092199,0,0,0,0,0.141843972,0.014184397,0.002364066,0,0,0,0,0,0,0.007092199,0,0,0,0,0,0.023640662,0,0,0,0,0.002364066,0,0,0.028368794,0,0.004728132,0.004728132,0,0,0,0,0,0,0,0,0,0,0,0,0,0,0,0,0,0,0,0,0.004728132,0,0,0,0.009456265,0.01891253,0.002364066,0,0.002364066,0.002364066,0.007092199,0.002364066,0,0.002364066,0.002364066,0.002364066,0.002364066,0.002364066,0.004728132,0.002364066,0.002364066,0.009456265,0.002364066,0.009456265,0.056737589,0,0,0,0,0,0,0,0,0,0,0,0,0,0,0,0,0,0,0,0,0,0,0,0,0,0,0,0,0,0,0
5,Nitrogen,Brian,400,0,0,0.01,0,0,0.005,0,0,0.025,0,0,0.01,0.0375,0,0,0.0125,0.52,0.0175,0.08,0,0,0,0,0,0,0,0,0,0,0,0.0025,0,0,0.0125,0,0.005,0,0.0025,0,0,0.0175,0.02,0.0125,0,0,0,0,0,0.02,0,0,0,0,0,0.0075,0.01,0.0025,0,0,0,0,0,0,0.0075,0,0.005,0.005,0,0.0075,0,0,0,0,0,0,0,0,0,0,0.0075,0.0025,0,0.0025,0,0.0025,0,0,0.0025,0.0175,0,0,0,0,0.0175,0,0,0.005,0,0,0,0,0,0,0,0,0.0025,0,0.0025,0.0175,0.0025,0,0,0.0075,0.0075,0.005,0,0.0125,0,0,0,0,0,0.01,0,0,0,0,0,0,0,0,0,0,0,0,0,0,0,0,0,0,0,0
6,Nitrogen,Talia,467,0,0,0,0,0,0,0,0,0.021413276,0,0,0.006423983,0,0,0,0.00856531,0.535331906,0.017130621,0,0,0,0,0,0,0,0,0,0,0,0,0,0,0.002141328,0.040685225,0.00856531,0.012847966,0,0,0,0,0.04496788,0.010706638,0.004282655,0,0,0,0,0,0,0.014989293,0,0,0,0,0,0.079229122,0,0,0.00856531,0,0,0,0.004282655,0.012847966,0,0.002141328,0.002141328,0,0,0,0,0,0,0,0,0.006423983,0,0,0,0.002141328,0,0,0,0,0,0,0,0.006423983,0.004282655,0,0,0,0,0,0.002141328,0,0,0,0,0.002141328,0,0,0,0,0,0.002141328,0,0,0,0,0,0.002141328,0,0,0,0.002141328,0.128479657,0.004282655,0,0,0,0,0,0,0,0,0,0,0,0,0,0,0,0,0,0,0,0,0,0,0,0,0
7,Nitrogen,Jordyn,470,0,0,0.004255319,0,0,0,0.00212766,0,0.029787234,0,0,0.008510638,0,0,0,0,0.512765958,0.014893617,0,0,0,0,0,0,0.00212766,0,0,0,0,0,0,0,0,0.006382979,0.008510638,0.014893617,0.004255319,0.00212766,0.00212766,0,0.042553191,0.010638298,0.004255319,0,0,0,0,0,0.008510638,0.012765957,0,0.004255319,0,0,0,0.187234043,0,0,0,0,0,0,0.006382979,0.061702128,0,0,0.006382979,0,0,0,0,0.00212766,0,0,0,0,0,0,0.008510638,0,0,0,0,0,0,0,0,0.004255319,0.004255319,0,0,0,0.00212766,0.00212766,0,0,0,0,0,0,0,0,0,0,0,0,0,0,0,0.00212766,0,0.004255319,0.00212766,0.006382979,0,0,0,0,0.00212766,0.00212766,0,0,0,0,0,0,0,0,0,0,0,0,0,0,0,0,0,0,0,0,0,0,0
8,Nitrogen,Jordyn,479,0,0.020876827,0.010438413,0,0,0,0,0,0.03131524,0,0.002087683,0.012526096,0.052192067,0.002087683,0,0.002087683,0.409185804,0.036709253,0,0.002087683,0,0,0,0.002087683,0.002087683,0,0,0,0,0,0,0.002087683,0.004175365,0.008350731,0.004175365,0.006263048,0,0,0,0.002087683,0.075156576,0.048016701,0,0,0,0,0,0,0.043841336,0,0,0.004175365,0,0,0,0.175365345,0,0,0,0,0,0,0.008350731,0.023269171,0,0,0.004175365,0,0,0,0.002087683,0.002087683,0,0,0,0,0,0.004175365,0,0,0,0,0.004175365,0,0,0,0,0,0,0,0,0,0,0,0,0,0,0,0,0,0,0,0,0,0,0,0,0,0,0,0,0,0,0,0,0,0,0,0,0,0.002087683,0.002087683,0.002087683,0.010438413,0.002087683,0,0,0,0,0,0,0,0,0,0,0,0,0,0,0,0,0,0
9,Phosphorus,Talia,418,0,0,0,0.009569378,0,0,0,0,0.031100478,0,0,0.122009569,0,0,0,0,0.311004785,0.026315789,0,0,0.002392344,0,0,0,0,0,0.002392344,0,0,0,0,0,0,0.019138756,0.019138756,0,0.007177033,0,0,0,0.043062201,0.06937799,0.007177033,0,0,0,0,0.002392344,0,0,0,0,0.019138756,0,0,0.052631579,0,0,0.009569378,0,0.007177033,0,0.004784689,0.193779904,0,0.002392344,0.002392344,0,0,0,0,0.004784689,0,0,0,0,0,0,0,0,0,0,0,0,0,0,0,0,0.002392344,0,0,0,0,0,0,0,0,0,0,0,0.002392344,0,0,0,0,0,0,0,0,0,0,0.002392344,0,0,0,0,0,0,0,0,0,0,0,0.002392344,0,0.002392344,0.004784689,0.002392344,0,0,0,0,0,0,0,0,0,0,0,0,0,0,0
10,Phosphorus,Talia,432,0,0.00462963,0.00462963,0.002314815,0,0,0,0.00462963,0.085648148,0,0,0.108796296,0,0,0,0.002314815,0.1875,0.05787037,0,0.002314815,0,0,0,0,0.002314815,0.002314815,0,0,0.002314815,0,0,0,0,0.018518519,0.037037037,0.002314815,0.002314815,0.00462963,0,0,0.122685185,0.020833333,0.00462963,0,0,0,0,0,0.030092593,0,0,0,0.018518519,0,0.009259259,0.071759259,0,0.009259259,0,0,0,0,0,0.122685185,0.00462963,0.00462963,0.002314815,0.009259259,0.00462963,0.00462963,0.002314815,0.011574074,0.002314815,0.002314815,0.013888889,0.006944444,0,0,0,0,0,0,0,0,0,0,0,0,0,0,0,0,0,0,0,0,0,0,0,0,0.00462963,0,0,0,0,0,0,0,0,0,0,0,0,0,0,0,0,0,0,0,0,0,0,0,0,0,0,0,0,0,0,0,0,0,0,0,0,0,0,0,0,0,0
11,Phosphorus,Jordyn,445,0,0.008988764,0.013483146,0,0,0,0.002247191,0,0.038202247,0,0,0.11011236,0,0,0,0,0.537078652,0.04494382,0,0,0,0,0,0,0,0,0,0,0,0,0,0,0,0,0.008988764,0,0.004494382,0,0,0,0,0.015730337,0,0,0,0,0,0,0.08988764,0,0,0,0,0,0,0.04494382,0,0,0,0,0.002247191,0,0.004494382,0.042696629,0,0,0.004494382,0,0,0,0,0,0,0,0,0,0,0,0.008988764,0,0,0,0,0,0,0,0,0,0,0,0,0,0.015730337,0,0,0,0,0,0,0,0.002247191,0,0,0,0,0,0,0,0,0,0,0,0,0,0,0,0,0,0,0,0,0,0,0,0,0,0,0,0,0,0,0,0,0,0,0,0,0,0,0,0,0,0
12,Phosphorus,Jordyn,526,0,0.020912548,0.013307985,0,0.003802281,0,0,0,0.041825095,0,0,0.102661597,0,0,0,0.003802281,0.355513308,0.053231939,0.148288973,0,0,0,0,0,0,0,0,0,0,0.011406844,0,0,0,0.005703422,0,0.009505703,0,0.001901141,0,0,0.007604563,0.02851711,0,0,0,0,0,0,0.049429658,0.001901141,0,0,0.001901141,0,0,0.02661597,0,0,0.007604563,0,0,0.001901141,0,0.085551331,0,0.003802281,0,0,0,0,0,0.009505703,0,0,0,0,0,0,0,0,0,0,0,0,0,0.007604563,0,0,0,0,0,0,0,0,0,0,0,0,0,0,0,0,0,0,0,0,0,0,0,0.003802281,0,0,0,0,0,0,0,0,0,0,0,0,0,0,0,0,0,0,0,0,0,0,0,0,0,0,0,0,0,0,0,0,0
13,Trace,Brian,402,0,0,0.004975124,0,0,0,0.002487562,0.002487562,0.004975124,0,0,0.02238806,0,0,0,0.002487562,0.639303483,0.022487562,0,0,0,0,0,0,0.017412935,0,0,0,0,0,0,0,0,0.014925373,0.014925373,0,0,0,0,0,0.004975124,0.004975124,0,0,0,0,0,0,0,0.004975124,0,0,0,0,0,0.077114428,0,0,0,0,0,0.034825871,0.02238806,0.064676617,0,0.007462687,0.002487562,0,0,0,0,0,0,0,0,0,0,0,0,0,0,0,0,0,0,0,0,0.02238806,0,0,0,0,0,0.012437811,0,0,0,0,0,0,0,0.002487562,0,0,0,0,0,0,0.002487562,0.004975124,0,0,0,0,0,0,0,0,0,0,0,0,0.002487562,0,0,0,0,0,0,0,0,0,0,0,0,0,0,0,0,0,0,0,0
14,Trace,Brian,400,0,0,0,0,0,0.0025,0,0.0025,0.005,0,0,0.005,0.0125,0,0,0.005,0.49,0.0225,0,0,0,0,0,0,0.0025,0,0,0,0.0025,0,0,0,0,0.09,0.07,0.005,0.0025,0.005,0,0,0.0025,0.01,0.005,0,0,0,0,0,0,0.0075,0,0,0,0,0.0075,0.0175,0,0,0,0,0,0.0575,0,0.055,0,0.0075,0,0,0,0,0,0.005,0,0,0,0,0,0,0.01,0.0025,0,0.0025,0,0,0,0,0,0,0,0,0,0,0,0,0,0,0,0,0,0.0025,0.0025,0,0,0,0,0,0,0,0,0,0,0,0,0,0,0,0.03,0,0,0,0,0,0.0025,0,0,0,0,0,0,0,0,0,0,0,0,0,0,0,0,0,0,0,0
15,Trace,Jordyn,538,0.001858736,0.094795539,0.003717472,0.001858736,0,0,0.001858736,0,0.013011152,0,0,0.013011152,0.105947955,0,0,0.00929368,0.360594796,0.063197026,0,0,0,0.001858736,0,0.001858736,0.001858736,0,0,0.005576208,0,0,0,0,0.003717472,0.001858736,0.029739777,0.007434944,0.001858736,0,0.001858736,0,0.040892193,0.007434944,0,0,0,0,0,0,0.00929368,0,0,0.007434944,0,0,0.003717472,0.098513011,0,0,0.033457249,0,0,0,0,0.039033457,0,0,0.011152416,0,0,0,0,0,0,0,0,0,0,0,0,0,0,0,0,0.007434944,0,0,0,0.003717472,0,0,0,0,0,0,0,0,0,0.001858736,0,0,0,0,0,0,0,0,0,0,0,0.001858736,0,0,0,0,0,0,0,0,0,0,0,0,0,0,0,0,0,0,0.001858736,0.00929368,0,0,0,0,0,0,0,0,0,0,0,0,0
16,Trace,Jordyn,523,0,0,0.001912046,0,0,0,0,0,0.007648184,0,0,0.024856597,0,0,0,0.003824092,0.61376673,0.062631162,0,0,0,0,0,0,0,0,0,0,0,0,0,0,0,0.001912046,0.036328872,0.009560229,0,0,0,0.001912046,0.030592734,0.005736138,0,0,0,0,0,0.001912046,0.011472275,0,0,0,0,0,0,0.084130019,0,0,0,0,0.001912046,0,0,0.011472275,0,0.003824092,0.005736138,0,0,0,0,0,0,0,0,0,0,0,0,0,0,0,0.001912046,0.007648184,0,0,0,0.011472275,0.001912046,0,0,0,0,0,0.003824092,0,0,0.001912046,0,0,0,0,0,0,0,0,0,0,0,0.003824092,0,0.011472275,0,0,0,0,0,0,0,0,0,0,0,0,0.003824092,0,0,0,0.003824092,0,0.009560229,0.04206501,0.003824092,0.001912046,0,0,0,0,0,0,0,0,0
17,N+Trace,Talia,410,0,0,0,0,0,0,0,0,0.012195122,0,0,0.041463415,0,0,0,0.004878049,0.534146342,0.033989173,0.048780488,0,0,0,0,0,0,0,0,0,0,0,0,0,0.002439024,0.009756098,0.009756098,0,0.002439024,0.002439024,0,0,0.019512195,0.036585366,0.012195122,0,0,0,0,0.002439024,0.014634146,0,0,0,0,0,0,0.143902439,0,0.009756098,0,0,0,0,0,0.007317073,0,0.002439024,0.002439024,0,0,0,0,0.002439024,0,0,0,0,0,0,0,0,0,0,0.002439024,0,0,0,0,0.007317073,0,0,0,0,0,0,0,0,0,0,0,0,0.002439024,0,0,0,0,0,0,0,0,0,0,0,0,0,0,0,0,0,0,0,0,0,0,0,0,0,0,0,0,0.007317073,0,0.009756098,0,0,0.002439024,0.002439024,0.002439024,0.002439024,0.002439024,0.002439024,0,0,0
18,N+Trace,Talia,419,0,0,0,0,0,0,0,0,0.009546539,0,0,0.009546539,0.026252983,0,0,0.002386635,0.520286396,0.011933174,0,0,0,0,0,0.002386635,0,0,0,0,0,0,0,0,0.00477327,0.033412888,0.019093079,0,0,0.002386635,0.002386635,0,0.002386635,0.009546539,0.002386635,0,0,0,0,0.002386635,0.007159905,0,0,0,0,0,0,0.138424821,0,0,0.007159905,0,0,0,0,0.021479714,0,0,0.00477327,0,0,0,0.00477327,0,0,0,0,0.009546539,0,0,0,0,0,0,0,0,0,0,0,0.019093079,0,0,0,0,0,0,0,0,0,0,0,0,0.009546539,0,0,0,0,0,0,0,0,0.002386635,0,0.00477327,0,0,0,0,0,0,0,0,0,0,0,0,0,0,0,0,0,0,0,0.066825776,0,0,0,0,0,0.002386635,0,0.011933174,0.031026253,0,0
19,N+Trace,Talia,408,0,0,0,0,0,0,0,0,0.017156863,0,0,0.007352941,0.009803922,0,0,0.00245098,0.473039216,0.024558338,0.085784314,0.00245098,0,0,0,0,0,0.00245098,0,0,0,0,0,0,0,0.00245098,0.004901961,0.00245098,0.007352941,0,0.00245098,0,0.039215686,0.017156863,0.00245098,0,0,0,0,0.00245098,0.019607843,0,0.007352941,0,0,0,0,0.193627451,0,0,0.009803922,0,0,0,0,0.022058824,0,0.004901961,0.007352941,0,0,0,0,0,0,0,0,0,0,0,0,0,0,0,0,0,0,0,0,0.00245098,0,0,0,0,0,0,0,0,0,0,0,0,0.007352941,0,0,0,0,0,0,0,0,0.00245098,0,0.00245098,0,0,0,0,0,0,0,0,0,0,0,0,0,0,0,0,0,0,0,0.024509804,0,0,0,0,0,0.00245098,0,0,0,0.00245098,0
20,N+Trace,Talia,404,0,0,0.004950495,0,0,0,0,0,0.012376238,0,0,0.00990099,0,0,0,0.004950495,0.608910891,0.027227723,0,0,0,0,0,0,0,0,0,0,0,0,0,0,0,0.014851485,0.014851485,0,0.002475248,0,0,0,0.042079208,0.012376238,0.002475248,0.00990099,0.002475248,0,0,0.002475248,0.004950495,0,0,0,0,0,0,0.089108911,0,0,0.007425743,0,0,0,0,0.047029703,0,0,0.002475248,0,0,0,0,0,0,0,0,0.00990099,0,0,0,0,0,0,0,0,0,0,0,0.004950495,0,0,0,0,0,0,0,0,0,0,0,0,0.004950495,0,0,0,0,0,0,0,0,0.002475248,0,0.00990099,0,0,0,0,0,0,0,0,0,0,0,0,0,0,0,0,0,0,0,0.03960396,0,0,0,0,0,0.002475248,0,0.002475248,0,0,0.002475248
21,P+Trace,Jordyn,540,0,0.011111111,0.009259259,0,0,0,0.001851852,0,0.035185185,0,0,0.105555556,0,0,0,0,0.403703704,0.037037037,0,0.001851852,0,0,0,0,0,0,0,0,0,0.007407407,0,0,0,0,0.044444444,0.005555556,0,0,0,0,0.072222222,0.033333333,0,0,0,0,0,0.001851852,0.05,0,0,0,0,0,0,0.025925926,0,0,0,0,0.001851852,0,0.003703704,0.142592593,0,0,0,0,0,0,0.001851852,0.001851852,0,0,0,0,0,0,0,0,0,0,0,0,0,0,0,0,0,0,0,0,0,0,0,0,0,0,0,0,0,0,0,0,0,0,0,0,0,0,0,0,0,0,0,0,0,0,0,0,0,0,0,0,0,0,0,0,0,0,0,0,0,0,0,0,0,0,0,0,0,0.012962963,0.001851852
22,P+Trace,Jordyn,567,0,0,0.007054674,0,0,0,0,0,0.052910053,0,0,0.086419753,0.049382716,0.001763668,0,0.001763668,0.282186949,0.044091711,0.05643739,0,0,0,0,0,0,0,0,0,0,0.010582011,0,0,0.001763668,0,0.007054674,0.005291005,0,0.001763668,0,0,0.035273369,0.021164021,0,0,0,0,0,0,0.026455026,0,0,0,0.001763668,0,0,0.119929453,0,0,0,0,0,0,0.005291005,0.148148148,0,0.001763668,0.003527337,0.012345679,0,0,0,0.003527337,0,0,0,0,0,0,0.012345679,0,0,0,0,0,0,0,0,0,0,0,0,0,0,0,0,0,0,0,0,0,0,0,0,0,0,0,0,0,0,0,0,0,0,0,0,0,0,0,0,0,0,0,0,0,0,0,0,0,0,0,0,0.003527337,0,0,0,0.001763668,0,0,0,0,0,0.001763668,0
23,P+Trace,Jordyn,607,0,0.003294893,0.003294893,0,0,0,0,0.001647446,0.05601318,0,0,0.090609555,0,0.001647446,0,0,0.294892916,0.034596376,0.15815486,0,0,0,0,0.001647446,0,0,0,0,0,0.013179572,0,0,0.001647446,0,0.013179572,0.008237232,0.001647446,0.001647446,0,0,0.074135091,0.006589786,0,0,0,0,0,0,0.009884679,0,0,0,0,0,0,0.082372323,0,0,0,0,0,0,0,0.115321252,0,0.004942339,0,0.001647446,0,0,0.001647446,0.003294893,0,0,0,0.006589786,0,0,0,0,0,0,0,0,0,0,0,0,0,0,0,0,0,0,0,0,0,0,0,0,0,0,0,0,0,0,0,0,0,0,0,0,0,0,0,0,0,0,0,0,0,0,0,0,0,0,0,0,0,0.001647446,0,0.006589786,0,0,0,0,0,0,0,0,0,0,0
24,P+Trace,Jordyn,489,0,0,0.00408998,0,0.00408998,0,0,0,0.061349693,0,0,0.145194274,0,0,0,0,0.353783231,0.042944785,0.016359918,0.00204499,0,0,0,0,0,0,0.00204499,0,0,0.00408998,0,0,0.00408998,0,0.032719836,0.010224949,0,0.00204499,0,0,0.042944785,0.030674847,0,0,0,0,0,0,0.034764826,0,0,0,0,0,0,0.024539877,0,0,0,0,0,0,0.006134969,0.141104295,0,0,0.00408998,0,0,0,0.00204499,0,0,0,0,0.008179959,0,0.00408998,0,0,0,0,0,0,0,0.014314928,0,0.00408998,0,0,0,0,0,0,0,0,0,0.00204499,0,0,0,0,0,0,0,0,0,0,0,0,0,0,0,0,0,0,0,0,0,0,0,0,0,0,0,0,0,0,0,0.00204499,0,0.014314928,0,0,0,0,0,0,0,0,0,0.006134969,0
25,N+P,Jordyn,439,0,0.020501139,0,0,0,0,0,0,0.050113895,0,0,0,0,0,0,0.004555809,0.275626424,0.102900381,0.072892939,0,0,0,0,0,0.002277904,0,0,0,0,0.031890661,0,0,0.002277904,0.002277904,0.018223235,0.004555809,0,0.011389522,0,0,0.006833713,0.031890661,0,0,0,0,0,0,0.009111617,0,0,0.018223235,0,0,0,0.113895216,0,0,0,0,0,0.002277904,0.009111617,0.193621868,0,0.006833713,0.002277904,0,0,0,0.002277904,0,0,0,0,0,0,0,0,0,0,0,0,0,0,0,0,0,0.004555809,0,0,0,0,0,0,0,0,0.002277904,0,0,0,0,0,0,0,0,0,0,0,0,0,0.002277904,0,0,0,0,0,0,0,0,0,0,0,0,0,0,0,0,0,0,0,0,0,0,0,0,0,0,0,0,0,0,0
26,N+P,Talia,404,0,0,0.007425743,0.002475248,0,0,0,0,0.007425743,0,0,0.165841584,0,0,0,0,0.324257426,0.04916769,0,0,0,0,0,0,0.004950495,0,0,0,0.007425743,0.004950495,0,0,0,0.002475248,0.01980198,0.002475248,0.002475248,0,0,0,0.111386139,0.071782178,0.004950495,0,0,0.002475248,0,0,0.049504951,0,0,0,0,0,0,0.044554455,0,0,0,0.002475248,0,0,0,0.138613861,0,0.004950495,0.002475248,0,0,0,0,0,0,0,0,0.00990099,0,0,0,0,0,0,0,0,0,0.007425743,0,0,0.002475248,0,0,0,0,0,0,0,0,0,0,0,0.004950495,0,0,0,0,0,0,0,0,0,0,0,0,0,0,0,0,0,0,0,0,0,0,0,0,0,0,0,0,0,0,0,0,0,0,0,0,0,0,0,0,0,0
27,N+P,Talia,411,0,0,0,0,0,0,0,0,0.00973236,0,0,0.121654501,0,0,0,0,0.428223844,0.01946472,0,0,0,0,0,0,0,0,0,0,0,0.00486618,0,0,0,0.00243309,0,0.00243309,0,0.00243309,0.00243309,0,0.087591241,0.085158151,0.00729927,0,0,0,0,0,0.053527981,0,0,0,0,0,0,0.063260341,0,0,0.0243309,0,0,0,0,0.085158151,0,0,0.00486618,0,0.00486618,0,0,0.00486618,0,0,0,0,0,0,0,0,0,0,0,0,0,0,0,0,0,0,0,0,0,0,0,0,0,0,0,0.00243309,0.00486618,0,0,0,0,0,0,0,0,0,0,0,0,0,0,0,0,0,0,0,0,0,0,0,0,0,0,0,0,0,0,0.00486618,0,0.00486618,0,0,0,0,0,0,0,0,0
28,N+P,Talia,425,0,0,0.004705882,0,0,0,0,0.002352941,0.004705882,0,0,0.065882353,0,0,0,0,0.268235294,0.092792293,0,0,0,0,0.002352941,0,0,0,0,0,0,0.023529412,0,0,0,0.004705882,0.009411765,0.002352941,0,0.002352941,0,0,0.04,0.042352941,0,0,0,0,0.004705882,0,0.016470588,0,0,0,0.002352941,0,0,0.148235294,0,0,0.056470588,0,0,0,0,0.225882353,0,0,0.004705882,0,0.009411765,0,0,0,0,0,0,0,0,0,0,0,0,0,0,0,0,0,0,0,0,0,0,0,0,0,0,0,0,0,0,0,0,0,0,0,0,0,0,0,0,0,0,0,0,0,0,0,0,0,0,0,0,0,0,0,0,0,0,0,0,0,0,0,0,0,0,0,0,0,0,0,0,0,0
29,N+P+Trace,Brian,403,0.00248139,0,0,0,0,0,0,0,0.014888337,0,0,0.052109181,0,0,0,0,0.349875931,0.044665012,0,0,0,0,0,0,0.00248139,0.004962779,0,0.009925558,0,0.004962779,0.00248139,0,0,0,0.019851117,0.014888337,0,0.00248139,0.004962779,0,0.109181141,0.007444169,0,0,0,0,0,0,0.00248139,0,0,0,0,0,0.00248139,0.126550869,0,0.00248139,0,0,0.007444169,0,0,0.012406948,0,0,0,0,0,0,0.00248139,0,0,0,0,0,0,0,0,0,0,0.00248139,0,0,0,0.019851117,0,0,0.138957816,0,0,0,0,0,0,0,0,0,0,0,0.00248139,0,0,0,0,0,0,0,0,0,0,0,0,0,0,0,0,0,0,0,0,0,0,0,0,0,0,0,0,0,0,0.014888337,0,0,0,0,0,0,0,0,0,0,0
30,N+P+Trace,Brian,401,0,0,0.004987531,0,0,0,0,0,0.017456359,0,0,0.102244389,0,0,0,0,0.341645885,0.014962594,0,0,0,0,0,0,0.004987531,0.002493766,0,0.004987531,0,0.012468828,0,0,0,0.007481297,0.007481297,0.019950125,0,0.002493766,0,0,0.06234414,0,0.002493766,0,0,0,0,0,0,0.004987531,0,0,0,0,0.044887781,0.099750623,0,0.009975062,0,0,0,0,0.009975062,0.099750623,0,0.002493766,0.002493766,0,0,0,0,0,0,0,0,0,0,0,0.034912718,0,0,0,0,0,0,0,0,0,0.034912718,0,0,0,0,0,0,0,0,0,0,0.004987531,0.014962594,0,0,0,0,0,0,0,0,0,0,0,0,0,0,0,0.027431421,0,0,0,0,0,0,0,0,0,0,0,0,0,0,0,0,0,0,0,0,0,0,0,0,0,0
31,N+P+Trace,Brian,401,0,0,0,0,0,0,0,0.002493766,0.007481297,0,0,0.074812968,0,0,0,0,0.289276808,0.014962594,0,0,0,0,0,0,0.007481297,0.002493766,0,0.002493766,0,0.004987531,0,0,0,0.064837905,0.009975062,0.02244389,0,0,0,0,0.087281796,0,0,0,0,0,0,0,0,0,0,0,0,0,0.039900249,0.134663342,0,0.009975062,0,0,0,0,0,0.08478803,0,0,0,0.009975062,0,0,0.002493766,0,0,0,0,0,0,0,0,0,0,0,0,0,0,0,0,0,0.039900249,0,0,0,0,0,0,0,0,0,0,0,0.002493766,0,0,0,0,0,0,0,0,0,0,0,0,0,0,0,0.052369077,0,0,0,0,0,0,0.004987531,0,0,0,0,0,0.007481297,0,0.019950125,0,0,0,0,0,0,0,0,0,0,0
32,N+P+Trace,Talia,421,0,0,0.002375297,0,0,0,0,0,0,0,0,0.066508314,0.076009501,0,0,0.002375297,0.29216152,0.04077985,0.185273159,0,0,0,0,0,0.002375297,0,0,0,0,0.026128266,0,0,0.002375297,0,0.047505938,0.002375297,0,0,0,0,0.059382423,0.009501188,0.004750594,0,0,0,0,0,0.002375297,0,0,0,0,0,0,0.09976247,0,0,0,0,0,0.002375297,0,0.064133017,0,0,0,0,0,0,0,0.002375297,0,0,0,0,0,0,0.009501188,0,0,0,0,0,0,0,0,0,0.004750594,0,0,0,0,0,0,0,0,0,0,0,0,0,0,0,0,0,0,0,0,0,0,0,0,0,0,0,0,0,0,0,0,0,0,0,0,0,0,0,0,0,0,0.007125891,0,0,0,0,0,0,0,0,0,0,0
33,Chelex,Talia,404,0,0.121287129,0,0,0,0,0,0,0.004950495,0,0,0.069306931,0,0,0,0,0.306930693,0.027027822,0.198019802,0,0,0,0,0,0,0,0,0,0,0.002475248,0,0,0.002475248,0.004950495,0.012376238,0.007425743,0,0,0,0,0.02970297,0.01980198,0.024752475,0,0,0,0,0,0.017326733,0,0,0,0,0,0,0.116336634,0,0,0,0,0,0,0,0.017326733,0,0,0.007425743,0,0,0,0.002475248,0,0,0,0,0,0,0,0,0,0,0,0,0,0,0,0,0,0,0,0,0,0,0,0,0,0,0,0,0,0.004950495,0,0,0,0,0,0,0,0,0.002475248,0,0.012376238,0,0,0,0,0,0,0,0,0,0,0,0,0,0,0,0,0,0,0,0,0,0,0,0,0,0,0,0,0,0,0
34,Chelex,Jordyn,421,0.002375297,0,0,0,0,0,0,0,0.026128266,0,0,0.009501188,0,0,0,0.002375297,0.451306413,0.042755344,0.128266033,0.004750594,0,0,0,0,0.011876485,0.002375297,0,0,0,0,0,0,0.002375297,0.002375297,0.019002375,0,0,0,0,0,0.049881235,0,0,0,0,0,0,0,0,0,0,0,0,0,0,0.133016627,0,0,0,0.016627078,0,0,0,0.023752969,0,0.009501188,0.004750594,0,0,0,0,0,0,0,0,0,0,0,0,0.004750594,0,0,0.002375297,0,0,0,0,0,0.040380048,0,0,0,0,0,0,0,0,0,0,0,0,0,0,0,0,0.004750594,0,0,0,0,0,0,0,0,0,0,0,0,0,0,0,0,0,0,0,0,0,0,0,0,0,0,0,0,0,0,0,0,0,0,0,0,0
35,Chelex,Jordyn,453,0,0,0,0,0,0,0,0,0.039735099,0,0,0.015452539,0,0,0,0,0.505518764,0.030905077,0,0.002207506,0,0,0,0,0,0,0,0,0,0,0,0,0,0.002207506,0,0.002207506,0,0.004415011,0,0,0.015452539,0.013245033,0,0,0,0,0,0,0,0,0,0,0,0,0,0.269315673,0,0,0.008830022,0,0,0,0,0.081677704,0,0,0.002207506,0,0,0,0,0.002207506,0,0,0,0,0,0,0,0,0,0,0,0,0,0,0,0.004415011,0,0,0,0,0,0,0,0,0,0,0,0,0,0,0,0,0,0,0,0,0,0,0,0,0,0,0,0,0,0,0,0,0,0,0,0,0,0,0,0,0,0,0,0,0,0,0,0,0,0,0,0,0,0,0
36,Chelex,Jordyn,459,0,0,0,0,0,0,0,0,0.050108932,0,0,0.045751634,0,0,0,0,0.479302832,0.030501089,0.08714597,0.006535948,0,0,0,0,0,0,0,0.004357298,0,0.004357298,0,0,0,0.006535948,0,0.013071895,0,0.004357298,0,0,0.010893246,0.017429194,0,0,0,0,0,0,0,0,0,0.008714597,0.008714597,0,0,0.139433551,0,0,0,0,0,0,0.004357298,0.058823529,0,0,0.006535948,0,0,0,0.006535948,0,0,0,0,0,0,0,0,0,0,0,0.002178649,0,0,0,0,0,0,0,0,0,0,0,0,0,0,0,0,0,0,0,0,0,0,0,0,0,0,0.002178649,0,0,0,0,0.002178649,0,0,0,0,0,0,0,0,0,0,0,0,0,0,0,0,0,0,0,0,0,0,0,0,0,0,0,0